{
  "menu": [
    {
      "label": "Nuclide",
      "submenu": [
        {
          "label": "Refactorizer",
          "submenu": [
            {
              "label": "Refactor",
              "command": "nuclide-refactorizer:refactorize"
            },
            {
              "label": "Rename",
              "command": "nuclide-refactorizer:rename"
            },
            {
              "label": "Inline Rename",
              "command": "nuclide-refactorizer:inline-rename"
            }
          ]
        }
      ]
    }
  ]
}
